Date, Time, Type, ID0, ID1, ID2, Sensor Data, Temperature, Humidity, Raw Data
2020-06-28, 18:26:54, BLE Beacon, N/A, 00050001-0000-1000-8000-00805F9B0131, 0x0012, 0x7B60, 19.0, 54, 0201041AFF4C0002150005000100001000800000805F9B013100127B60B1
2020-06-28, 18:26:54, BLE Beacon, N/A, 00050001-0000-1000-8000-00805F9B0131, 0x0002, 0x845F, 18.4, 58, 0201041AFF4C0002150005000100001000800000805F9B01310002845FB1
2020-06-28, 18:26:54, BLE Beacon, N/A, 00050001-0000-1000-8000-00805F9B0131, 0x0004, 0x835F, 18.4, 57, 0201041AFF4C0002150005000100001000800000805F9B01310004835FB4
2020-06-28, 18:26:55, BLE Beacon, N/A, 00050001-0000-1000-8000-00805F9B0131, 0x0003, 0x7F5F, 18.4, 56, 0201041AFF4C0002150005000100001000800000805F9B013100037F5FB1
2020-06-28, 18:26:57, BLE Beacon, N/A, 00050001-0000-1000-8000-00805F9B0131, 0x0012, 0x7C60, 19.0, 54, 0201041AFF4C0002150005000100001000800000805F9B013100127C60B1
2020-06-28, 18:26:57, BLE Beacon, N/A, 00050001-0000-1000-8000-00805F9B0131, 0x0002, 0x845F, 18.4, 58, 0201041AFF4C0002150005000100001000800000805F9B01310002845FB1
2020-06-28, 18:26:58, BLE Beacon, N/A, 00050001-0000-1000-8000-00805F9B0131, 0x0004, 0x835F, 18.4, 57, 0201041AFF4C0002150005000100001000800000805F9B01310004835FB6
2020-06-28, 18:26:58, BLE Beacon, N/A, 00050001-0000-1000-8000-00805F9B0131, 0x0005, 0x8460, 19.0, 58, 0201041AFF4C0002150005000100001000800000805F9B013100058460B7
2020-06-28, 18:26:58, BLE Beacon, N/A, 00050001-0000-1000-8000-00805F9B0131, 0x0006, 0x835F, 18.4, 57, 0201041AFF4C0002150005000100001000800000805F9B01310006835FB1
2020-06-28, 18:26:58, BLE Beacon, N/A, 00050001-0000-1000-8000-00805F9B0131, 0x0003, 0x7F5F, 18.4, 56, 0201041AFF4C0002150005000100001000800000805F9B013100037F5FB1
2020-06-28, 18:26:59, BLE Beacon, N/A, 00050001-0000-1000-8000-00805F9B0131, 0x0013, 0x795F, 18.4, 53, 0201041AFF4C0002150005000100001000800000805F9B01310013795FB1
2020-06-28, 18:27:00, BLE Beacon, N/A, 00050001-0000-1000-8000-00805F9B0131, 0x0012, 0x7C60, 19.0, 54, 0201041AFF4C0002150005000100001000800000805F9B013100127C60B1
2020-06-28, 18:27:01, BLE Beacon, N/A, 00050001-0000-1000-8000-00805F9B0131, 0x0005, 0x8460, 19.0, 58, 0201041AFF4C0002150005000100001000800000805F9B013100058460B4
2020-06-28, 18:27:01, BLE Beacon, N/A, 00050001-0000-1000-8000-00805F9B0131, 0x0006, 0x835F, 18.4, 57, 0201041AFF4C0002150005000100001000800000805F9B01310006835FB1
2020-06-28, 18:27:05, BLE Beacon, N/A, 00050001-0000-1000-8000-00805F9B0131, 0x0005, 0x8460, 19.0, 58, 0201041AFF4C0002150005000100001000800000805F9B013100058460B1
2020-06-28, 18:27:05, BLE Beacon, N/A, 00050001-0000-1000-8000-00805F9B0131, 0x0006, 0x835F, 18.4, 57, 0201041AFF4C0002150005000100001000800000805F9B01310006835FB1
2020-06-28, 18:27:06, BLE Beacon, N/A, 00050001-0000-1000-8000-00805F9B0131, 0x0012, 0x7B60, 19.0, 54, 0201041AFF4C0002150005000100001000800000805F9B013100127B60B1
2020-06-28, 18:27:07, BLE Beacon, N/A, 00050001-0000-1000-8000-00805F9B0131, 0x0002, 0x845F, 18.4, 58, 0201041AFF4C0002150005000100001000800000805F9B01310002845FB1
2020-06-28, 18:27:07, BLE Beacon, N/A, 00050001-0000-1000-8000-00805F9B0131, 0x0003, 0x805F, 18.4, 56, 0201041AFF4C0002150005000100001000800000805F9B01310003805FB1
2020-06-28, 18:27:08, BLE Beacon, N/A, 00050001-0000-1000-8000-00805F9B0131, 0x0004, 0x835F, 18.4, 57, 0201041AFF4C0002150005000100001000800000805F9B01310004835FB6
2020-06-28, 18:27:08, BLE Beacon, N/A, 00050001-0000-1000-8000-00805F9B0131, 0x0005, 0x8460, 19.0, 58, 0201041AFF4C0002150005000100001000800000805F9B013100058460B6
2020-06-28, 18:27:09, BLE Beacon, N/A, 00050001-0000-1000-8000-00805F9B0131, 0x0013, 0x795F, 18.4, 53, 0201041AFF4C0002150005000100001000800000805F9B01310013795FB1
2020-06-28, 18:27:09, BLE Beacon, N/A, 00050001-0000-1000-8000-00805F9B0131, 0x0012, 0x7B60, 19.0, 54, 0201041AFF4C0002150005000100001000800000805F9B013100127B60B1
2020-06-28, 18:27:10, BLE Beacon, N/A, 00050001-0000-1000-8000-00805F9B0131, 0x0002, 0x845F, 18.4, 58, 0201041AFF4C0002150005000100001000800000805F9B01310002845FB1
2020-06-28, 18:27:11, BLE Beacon, N/A, 00050001-0000-1000-8000-00805F9B0131, 0x0004, 0x835F, 18.4, 57, 0201041AFF4C0002150005000100001000800000805F9B01310004835FB4
2020-06-28, 18:27:11, BLE Beacon, N/A, 00050001-0000-1000-8000-00805F9B0131, 0x0005, 0x8460, 19.0, 58, 0201041AFF4C0002150005000100001000800000805F9B013100058460B5
2020-06-28, 18:27:12, BLE Beacon, N/A, 00050001-0000-1000-8000-00805F9B0131, 0x0012, 0x7B60, 19.0, 54, 0201041AFF4C0002150005000100001000800000805F9B013100127B60B1
2020-06-28, 18:27:13, BLE Beacon, N/A, 00050001-0000-1000-8000-00805F9B0131, 0x0002, 0x845F, 18.4, 58, 0201041AFF4C0002150005000100001000800000805F9B01310002845FB1
2020-06-28, 18:27:15, BLE Beacon, N/A, 00050001-0000-1000-8000-00805F9B0131, 0x0004, 0x835F, 18.4, 57, 0201041AFF4C0002150005000100001000800000805F9B01310004835FB6
2020-06-28, 18:27:15, BLE Beacon, N/A, 00050001-0000-1000-8000-00805F9B0131, 0x0005, 0x8460, 19.0, 58, 0201041AFF4C0002150005000100001000800000805F9B013100058460B4
2020-06-28, 18:27:15, BLE Beacon, N/A, 00050001-0000-1000-8000-00805F9B0131, 0x0006, 0x835F, 18.4, 57, 0201041AFF4C0002150005000100001000800000805F9B01310006835FB1
2020-06-28, 18:27:16, BLE Beacon, N/A, 00050001-0000-1000-8000-00805F9B0131, 0x0012, 0x7C60, 19.0, 54, 0201041AFF4C0002150005000100001000800000805F9B013100127C60B1
2020-06-28, 18:27:16, BLE Beacon, N/A, 00050001-0000-1000-8000-00805F9B0131, 0x0013, 0x795F, 18.4, 53, 0201041AFF4C0002150005000100001000800000805F9B01310013795FB1
2020-06-28, 18:27:16, BLE Beacon, N/A, 00050001-0000-1000-8000-00805F9B0131, 0x0002, 0x845F, 18.4, 58, 0201041AFF4C0002150005000100001000800000805F9B01310002845FB1
2020-06-28, 18:27:18, BLE Beacon, N/A, 00050001-0000-1000-8000-00805F9B0131, 0x0004, 0x835F, 18.4, 57, 0201041AFF4C0002150005000100001000800000805F9B01310004835FB6
2020-06-28, 18:27:18, BLE Beacon, N/A, 00050001-0000-1000-8000-00805F9B0131, 0x0005, 0x8460, 19.0, 58, 0201041AFF4C0002150005000100001000800000805F9B013100058460B4
2020-06-28, 18:27:19, BLE Beacon, N/A, 00050001-0000-1000-8000-00805F9B0131, 0x0006, 0x835F, 18.4, 57, 0201041AFF4C0002150005000100001000800000805F9B01310006835FB2
2020-06-28, 18:27:22, BLE Beacon, N/A, 00050001-0000-1000-8000-00805F9B0131, 0x0005, 0x8460, 19.0, 58, 0201041AFF4C0002150005000100001000800000805F9B013100058460B3
2020-06-28, 18:27:22, BLE Beacon, N/A, 00050001-0000-1000-8000-00805F9B0131, 0x0012, 0x7B60, 19.0, 54, 0201041AFF4C0002150005000100001000800000805F9B013100127B60B1
2020-06-28, 18:27:22, BLE Beacon, N/A, 00050001-0000-1000-8000-00805F9B0131, 0x0006, 0x835F, 18.4, 57, 0201041AFF4C0002150005000100001000800000805F9B01310006835FB2
2020-06-28, 18:27:25, BLE Beacon, N/A, 00050001-0000-1000-8000-00805F9B0131, 0x0005, 0x8460, 19.0, 58, 0201041AFF4C0002150005000100001000800000805F9B013100058460B3
2020-06-28, 18:27:25, BLE Beacon, N/A, 00050001-0000-1000-8000-00805F9B0131, 0x0012, 0x7B60, 19.0, 54, 0201041AFF4C0002150005000100001000800000805F9B013100127B60B1
2020-06-28, 18:27:26, BLE Beacon, N/A, 00050001-0000-1000-8000-00805F9B0131, 0x0002, 0x845F, 18.4, 58, 0201041AFF4C0002150005000100001000800000805F9B01310002845FB1
2020-06-28, 18:27:26, BLE Beacon, N/A, 00050001-0000-1000-8000-00805F9B0131, 0x0013, 0x795F, 18.4, 53, 0201041AFF4C0002150005000100001000800000805F9B01310013795FB1
2020-06-28, 18:27:28, BLE Beacon, N/A, 00050001-0000-1000-8000-00805F9B0131, 0x0012, 0x7B60, 19.0, 54, 0201041AFF4C0002150005000100001000800000805F9B013100127B60B1
2020-06-28, 18:27:28, BLE Beacon, N/A, 00050001-0000-1000-8000-00805F9B0131, 0x0005, 0x8460, 19.0, 58, 0201041AFF4C0002150005000100001000800000805F9B013100058460B8
2020-06-28, 18:27:28, BLE Beacon, N/A, 00050001-0000-1000-8000-00805F9B0131, 0x0004, 0x835F, 18.4, 57, 0201041AFF4C0002150005000100001000800000805F9B01310004835FB7
2020-06-28, 18:27:29, BLE Beacon, N/A, 00050001-0000-1000-8000-00805F9B0131, 0x0002, 0x845F, 18.4, 58, 0201041AFF4C0002150005000100001000800000805F9B01310002845FB1
2020-06-28, 18:27:30, BLE Beacon, N/A, 00050001-0000-1000-8000-00805F9B0131, 0x0013, 0x795F, 18.4, 53, 0201041AFF4C0002150005000100001000800000805F9B01310013795FB1
2020-06-28, 18:27:31, BLE Beacon, N/A, 00050001-0000-1000-8000-00805F9B0131, 0x0012, 0x7C60, 19.0, 54, 0201041AFF4C0002150005000100001000800000805F9B013100127C60B1
2020-06-28, 18:27:32, BLE Beacon, N/A, 00050001-0000-1000-8000-00805F9B0131, 0x0005, 0x8460, 19.0, 58, 0201041AFF4C0002150005000100001000800000805F9B013100058460B3
2020-06-28, 18:27:32, BLE Beacon, N/A, 00050001-0000-1000-8000-00805F9B0131, 0x0004, 0x835F, 18.4, 57, 0201041AFF4C0002150005000100001000800000805F9B01310004835FB6
2020-06-28, 18:27:32, BLE Beacon, N/A, 00050001-0000-1000-8000-00805F9B0131, 0x0002, 0x845F, 18.4, 58, 0201041AFF4C0002150005000100001000800000805F9B01310002845FB1
2020-06-28, 18:27:32, BLE Beacon, N/A, 00050001-0000-1000-8000-00805F9B0131, 0x0006, 0x835F, 18.4, 57, 0201041AFF4C0002150005000100001000800000805F9B01310006835FB2
2020-06-28, 18:27:34, BLE Beacon, N/A, 00050001-0000-1000-8000-00805F9B0131, 0x0012, 0x7C60, 19.0, 54, 0201041AFF4C0002150005000100001000800000805F9B013100127C60B1
2020-06-28, 18:27:35, BLE Beacon, N/A, 00050001-0000-1000-8000-00805F9B0131, 0x0005, 0x8460, 19.0, 58, 0201041AFF4C0002150005000100001000800000805F9B013100058460B3
2020-06-28, 18:27:35, BLE Beacon, N/A, 00050001-0000-1000-8000-00805F9B0131, 0x0004, 0x835F, 18.4, 57, 0201041AFF4C0002150005000100001000800000805F9B01310004835FB5
2020-06-28, 18:27:36, BLE Beacon, N/A, 00050001-0000-1000-8000-00805F9B0131, 0x0006, 0x825F, 18.4, 57, 0201041AFF4C0002150005000100001000800000805F9B01310006825FB1
2020-06-28, 18:27:37, BLE Beacon, N/A, 00050001-0000-1000-8000-00805F9B0131, 0x0012, 0x7C60, 19.0, 54, 0201041AFF4C0002150005000100001000800000805F9B013100127C60B1
2020-06-28, 18:27:38, BLE Beacon, N/A, 00050001-0000-1000-8000-00805F9B0131, 0x0005, 0x8460, 19.0, 58, 0201041AFF4C0002150005000100001000800000805F9B013100058460B4
2020-06-28, 18:27:39, BLE Beacon, N/A, 00050001-0000-1000-8000-00805F9B0131, 0x0006, 0x825F, 18.4, 57, 0201041AFF4C0002150005000100001000800000805F9B01310006825FB1
2020-06-28, 18:27:41, BLE Beacon, N/A, 00050001-0000-1000-8000-00805F9B0131, 0x0012, 0x7C60, 19.0, 54, 0201041AFF4C0002150005000100001000800000805F9B013100127C60B1
2020-06-28, 18:27:42, BLE Beacon, N/A, 00050001-0000-1000-8000-00805F9B0131, 0x0005, 0x8460, 19.0, 58, 0201041AFF4C0002150005000100001000800000805F9B013100058460B5
2020-06-28, 18:27:42, BLE Beacon, N/A, 00050001-0000-1000-8000-00805F9B0131, 0x0003, 0x805F, 18.4, 56, 0201041AFF4C0002150005000100001000800000805F9B01310003805FB1
2020-06-28, 18:27:43, BLE Beacon, N/A, 00050001-0000-1000-8000-00805F9B0131, 0x0006, 0x835F, 18.4, 57, 0201041AFF4C0002150005000100001000800000805F9B01310006835FB1
2020-06-28, 18:27:44, BLE Beacon, N/A, 00050001-0000-1000-8000-00805F9B0131, 0x0012, 0x7C60, 19.0, 54, 0201041AFF4C0002150005000100001000800000805F9B013100127C60B1
2020-06-28, 18:27:45, BLE Beacon, N/A, 00050001-0000-1000-8000-00805F9B0131, 0x0005, 0x8460, 19.0, 58, 0201041AFF4C0002150005000100001000800000805F9B013100058460B8
2020-06-28, 18:27:45, BLE Beacon, N/A, 00050001-0000-1000-8000-00805F9B0131, 0x0004, 0x835F, 18.4, 57, 0201041AFF4C0002150005000100001000800000805F9B01310004835FB8
2020-06-28, 18:27:47, BLE Beacon, N/A, 00050001-0000-1000-8000-00805F9B0131, 0x0013, 0x7960, 19.0, 53, 0201041AFF4C0002150005000100001000800000805F9B013100137960B1
2020-06-28, 18:27:47, BLE Beacon, N/A, 00050001-0000-1000-8000-00805F9B0131, 0x0012, 0x7C60, 19.0, 54, 0201041AFF4C0002150005000100001000800000805F9B013100127C60B1
2020-06-28, 18:27:48, BLE Beacon, N/A, 00050001-0000-1000-8000-00805F9B0131, 0x0002, 0x845F, 18.4, 58, 0201041AFF4C0002150005000100001000800000805F9B01310002845FB1
2020-06-28, 18:27:48, BLE Beacon, N/A, 00050001-0000-1000-8000-00805F9B0131, 0x0005, 0x8460, 19.0, 58, 0201041AFF4C0002150005000100001000800000805F9B013100058460B8
2020-06-28, 18:27:49, BLE Beacon, N/A, 00050001-0000-1000-8000-00805F9B0131, 0x0004, 0x835F, 18.4, 57, 0201041AFF4C0002150005000100001000800000805F9B01310004835FB8
2020-06-28, 18:27:50, BLE Beacon, N/A, 00050001-0000-1000-8000-00805F9B0131, 0x0012, 0x7C60, 19.0, 54, 0201041AFF4C0002150005000100001000800000805F9B013100127C60B1
2020-06-28, 18:27:50, BLE Beacon, N/A, 00050001-0000-1000-8000-00805F9B0131, 0x0003, 0x805F, 18.4, 56, 0201041AFF4C0002150005000100001000800000805F9B01310003805FB1
2020-06-28, 18:27:52, BLE Beacon, N/A, 00050001-0000-1000-8000-00805F9B0131, 0x0005, 0x8460, 19.0, 58, 0201041AFF4C0002150005000100001000800000805F9B013100058460B1
2020-06-28, 18:27:52, BLE Beacon, N/A, 00050001-0000-1000-8000-00805F9B0131, 0x0004, 0x835F, 18.4, 57, 0201041AFF4C0002150005000100001000800000805F9B01310004835FB3
2020-06-28, 18:27:53, BLE Beacon, N/A, 00050001-0000-1000-8000-00805F9B0131, 0x0006, 0x825F, 18.4, 57, 0201041AFF4C0002150005000100001000800000805F9B01310006825FB1
2020-06-28, 18:27:53, BLE Beacon, N/A, 00050001-0000-1000-8000-00805F9B0131, 0x0012, 0x7B60, 19.0, 54, 0201041AFF4C0002150005000100001000800000805F9B013100127B60B1
2020-06-28, 18:27:53, BLE Beacon, N/A, 00050001-0000-1000-8000-00805F9B0131, 0x0003, 0x805F, 18.4, 56, 0201041AFF4C0002150005000100001000800000805F9B01310003805FB1
2020-06-28, 18:27:55, BLE Beacon, N/A, 00050001-0000-1000-8000-00805F9B0131, 0x0005, 0x8460, 19.0, 58, 0201041AFF4C0002150005000100001000800000805F9B013100058460B3
2020-06-28, 18:27:55, BLE Beacon, N/A, 00050001-0000-1000-8000-00805F9B0131, 0x0004, 0x835F, 18.4, 57, 0201041AFF4C0002150005000100001000800000805F9B01310004835FB2
2020-06-28, 18:27:56, BLE Beacon, N/A, 00050001-0000-1000-8000-00805F9B0131, 0x0012, 0x7C60, 19.0, 54, 0201041AFF4C0002150005000100001000800000805F9B013100127C60B1
2020-06-28, 18:27:56, BLE Beacon, N/A, 00050001-0000-1000-8000-00805F9B0131, 0x0003, 0x805F, 18.4, 56, 0201041AFF4C0002150005000100001000800000805F9B01310003805FB1
2020-06-28, 18:27:56, BLE Beacon, N/A, 00050001-0000-1000-8000-00805F9B0131, 0x0006, 0x825F, 18.4, 57, 0201041AFF4C0002150005000100001000800000805F9B01310006825FB1
2020-06-28, 18:27:59, BLE Beacon, N/A, 00050001-0000-1000-8000-00805F9B0131, 0x0005, 0x8460, 19.0, 58, 0201041AFF4C0002150005000100001000800000805F9B013100058460B5
2020-06-28, 18:27:59, BLE Beacon, N/A, 00050001-0000-1000-8000-00805F9B0131, 0x0012, 0x7C60, 19.0, 54, 0201041AFF4C0002150005000100001000800000805F9B013100127C60B1
2020-06-28, 18:28:00, BLE Beacon, N/A, 00050001-0000-1000-8000-00805F9B0131, 0x0006, 0x825F, 18.4, 57, 0201041AFF4C0002150005000100001000800000805F9B01310006825FB1
2020-06-28, 18:28:02, BLE Beacon, N/A, 00050001-0000-1000-8000-00805F9B0131, 0x0005, 0x8460, 19.0, 58, 0201041AFF4C0002150005000100001000800000805F9B013100058460B5
2020-06-28, 18:28:02, BLE Beacon, N/A, 00050001-0000-1000-8000-00805F9B0131, 0x0012, 0x7C60, 19.0, 54, 0201041AFF4C0002150005000100001000800000805F9B013100127C60B1
2020-06-28, 18:28:03, BLE Beacon, N/A, 00050001-0000-1000-8000-00805F9B0131, 0x0006, 0x825F, 18.4, 57, 0201041AFF4C0002150005000100001000800000805F9B01310006825FB1
2020-06-28, 18:28:04, BLE Beacon, N/A, 00050001-0000-1000-8000-00805F9B0131, 0x0013, 0x795F, 18.4, 53, 0201041AFF4C0002150005000100001000800000805F9B01310013795FB1
2020-06-28, 18:28:05, BLE Beacon, N/A, 00050001-0000-1000-8000-00805F9B0131, 0x0003, 0x805F, 18.4, 56, 0201041AFF4C0002150005000100001000800000805F9B01310003805FB1
2020-06-28, 18:28:05, BLE Beacon, N/A, 00050001-0000-1000-8000-00805F9B0131, 0x0005, 0x8460, 19.0, 58, 0201041AFF4C0002150005000100001000800000805F9B013100058460B9
2020-06-28, 18:28:05, BLE Beacon, N/A, 00050001-0000-1000-8000-00805F9B0131, 0x0004, 0x835F, 18.4, 57, 0201041AFF4C0002150005000100001000800000805F9B01310004835FB8
2020-06-28, 18:28:06, BLE Beacon, N/A, 00050001-0000-1000-8000-00805F9B0131, 0x0012, 0x7C60, 19.0, 54, 0201041AFF4C0002150005000100001000800000805F9B013100127C60B1
2020-06-28, 18:28:08, BLE Beacon, N/A, 00050001-0000-1000-8000-00805F9B0131, 0x0003, 0x805F, 18.4, 56, 0201041AFF4C0002150005000100001000800000805F9B01310003805FB1
2020-06-28, 18:28:09, BLE Beacon, N/A, 00050001-0000-1000-8000-00805F9B0131, 0x0005, 0x8460, 19.0, 58, 0201041AFF4C0002150005000100001000800000805F9B013100058460B8
2020-06-28, 18:28:09, BLE Beacon, N/A, 00050001-0000-1000-8000-00805F9B0131, 0x0012, 0x7C60, 19.0, 54, 0201041AFF4C0002150005000100001000800000805F9B013100127C60B1
2020-06-28, 18:28:09, BLE Beacon, N/A, 00050001-0000-1000-8000-00805F9B0131, 0x0004, 0x835F, 18.4, 57, 0201041AFF4C0002150005000100001000800000805F9B01310004835FB8
2020-06-28, 18:28:10, BLE Beacon, N/A, 00050001-0000-1000-8000-00805F9B0131, 0x0006, 0x825F, 18.4, 57, 0201041AFF4C0002150005000100001000800000805F9B01310006825FB1
2020-06-28, 18:28:11, BLE Beacon, N/A, 00050001-0000-1000-8000-00805F9B0131, 0x0003, 0x805F, 18.4, 56, 0201041AFF4C0002150005000100001000800000805F9B01310003805FB1
2020-06-28, 18:28:12, BLE Beacon, N/A, 00050001-0000-1000-8000-00805F9B0131, 0x0005, 0x8460, 19.0, 58, 0201041AFF4C0002150005000100001000800000805F9B013100058460B3
2020-06-28, 18:28:12, BLE Beacon, N/A, 00050001-0000-1000-8000-00805F9B0131, 0x0004, 0x835F, 18.4, 57, 0201041AFF4C0002150005000100001000800000805F9B01310004835FB4
2020-06-28, 18:28:14, BLE Beacon, N/A, 00050001-0000-1000-8000-00805F9B0131, 0x0006, 0x825F, 18.4, 57, 0201041AFF4C0002150005000100001000800000805F9B01310006825FB1
2020-06-28, 18:28:14, BLE Beacon, N/A, 00050001-0000-1000-8000-00805F9B0131, 0x0003, 0x805F, 18.4, 56, 0201041AFF4C0002150005000100001000800000805F9B01310003805FB1
2020-06-28, 18:28:15, BLE Beacon, N/A, 00050001-0000-1000-8000-00805F9B0131, 0x0012, 0x7C60, 19.0, 54, 0201041AFF4C0002150005000100001000800000805F9B013100127C60B1
2020-06-28, 18:28:15, BLE Beacon, N/A, 00050001-0000-1000-8000-00805F9B0131, 0x0005, 0x8460, 19.0, 58, 0201041AFF4C0002150005000100001000800000805F9B013100058460B6
2020-06-28, 18:28:17, BLE Beacon, N/A, 00050001-0000-1000-8000-00805F9B0131, 0x0003, 0x805F, 18.4, 56, 0201041AFF4C0002150005000100001000800000805F9B01310003805FB1
2020-06-28, 18:28:17, BLE Beacon, N/A, 00050001-0000-1000-8000-00805F9B0131, 0x0006, 0x825F, 18.4, 57, 0201041AFF4C0002150005000100001000800000805F9B01310006825FB1
2020-06-28, 18:28:18, BLE Beacon, N/A, 00050001-0000-1000-8000-00805F9B0131, 0x0012, 0x7C60, 19.0, 54, 0201041AFF4C0002150005000100001000800000805F9B013100127C60B1
2020-06-28, 18:28:19, BLE Beacon, N/A, 00050001-0000-1000-8000-00805F9B0131, 0x0005, 0x8460, 19.0, 58, 0201041AFF4C0002150005000100001000800000805F9B013100058460B7
2020-06-28, 18:28:20, BLE Beacon, N/A, 00050001-0000-1000-8000-00805F9B0131, 0x0006, 0x825F, 18.4, 57, 0201041AFF4C0002150005000100001000800000805F9B01310006825FB1
2020-06-28, 18:28:21, BLE Beacon, N/A, 00050001-0000-1000-8000-00805F9B0131, 0x0012, 0x7B60, 19.0, 54, 0201041AFF4C0002150005000100001000800000805F9B013100127B60B1
2020-06-28, 18:28:22, BLE Beacon, N/A, 00050001-0000-1000-8000-00805F9B0131, 0x0005, 0x8460, 19.0, 58, 0201041AFF4C0002150005000100001000800000805F9B013100058460B8
2020-06-28, 18:28:22, BLE Beacon, N/A, 00050001-0000-1000-8000-00805F9B0131, 0x0003, 0x805F, 18.4, 56, 0201041AFF4C0002150005000100001000800000805F9B01310003805FB1
2020-06-28, 18:28:22, BLE Beacon, N/A, 00050001-0000-1000-8000-00805F9B0131, 0x0004, 0x835F, 18.4, 57, 0201041AFF4C0002150005000100001000800000805F9B01310004835FB8
2020-06-28, 18:28:24, BLE Beacon, N/A, 00050001-0000-1000-8000-00805F9B0131, 0x0012, 0x7B60, 19.0, 54, 0201041AFF4C0002150005000100001000800000805F9B013100127B60B1
2020-06-28, 18:28:25, BLE Beacon, N/A, 00050001-0000-1000-8000-00805F9B0131, 0x0003, 0x805F, 18.4, 56, 0201041AFF4C0002150005000100001000800000805F9B01310003805FB1
2020-06-28, 18:28:25, BLE Beacon, N/A, 00050001-0000-1000-8000-00805F9B0131, 0x0005, 0x8460, 19.0, 58, 0201041AFF4C0002150005000100001000800000805F9B013100058460B8
2020-06-28, 18:28:26, BLE Beacon, N/A, 00050001-0000-1000-8000-00805F9B0131, 0x0002, 0x855F, 18.4, 58, 0201041AFF4C0002150005000100001000800000805F9B01310002855FB1
2020-06-28, 18:28:26, BLE Beacon, N/A, 00050001-0000-1000-8000-00805F9B0131, 0x0004, 0x835F, 18.4, 57, 0201041AFF4C0002150005000100001000800000805F9B01310004835FB8
2020-06-28, 18:28:27, BLE Beacon, N/A, 00050001-0000-1000-8000-00805F9B0131, 0x0012, 0x7C60, 19.0, 54, 0201041AFF4C0002150005000100001000800000805F9B013100127C60B1
2020-06-28, 18:28:28, BLE Beacon, N/A, 00050001-0000-1000-8000-00805F9B0131, 0x0003, 0x805F, 18.4, 56, 0201041AFF4C0002150005000100001000800000805F9B01310003805FB1
2020-06-28, 18:28:29, BLE Beacon, N/A, 00050001-0000-1000-8000-00805F9B0131, 0x0005, 0x8460, 19.0, 58, 0201041AFF4C0002150005000100001000800000805F9B013100058460B1
2020-06-28, 18:28:29, BLE Beacon, N/A, 00050001-0000-1000-8000-00805F9B0131, 0x0004, 0x835F, 18.4, 57, 0201041AFF4C0002150005000100001000800000805F9B01310004835FB4
2020-06-28, 18:28:31, BLE Beacon, N/A, 00050001-0000-1000-8000-00805F9B0131, 0x0012, 0x7C60, 19.0, 54, 0201041AFF4C0002150005000100001000800000805F9B013100127C60B1
2020-06-28, 18:28:31, BLE Beacon, N/A, 00050001-0000-1000-8000-00805F9B0131, 0x0006, 0x825F, 18.4, 57, 0201041AFF4C0002150005000100001000800000805F9B01310006825FB1
2020-06-28, 18:28:31, BLE Beacon, N/A, 00050001-0000-1000-8000-00805F9B0131, 0x0003, 0x805F, 18.4, 56, 0201041AFF4C0002150005000100001000800000805F9B01310003805FB1
2020-06-28, 18:28:32, BLE Beacon, N/A, 00050001-0000-1000-8000-00805F9B0131, 0x0005, 0x8460, 19.0, 58, 0201041AFF4C0002150005000100001000800000805F9B013100058460B2
2020-06-28, 18:28:32, BLE Beacon, N/A, 00050001-0000-1000-8000-00805F9B0131, 0x0004, 0x835F, 18.4, 57, 0201041AFF4C0002150005000100001000800000805F9B01310004835FB4
2020-06-28, 18:28:34, BLE Beacon, N/A, 00050001-0000-1000-8000-00805F9B0131, 0x0012, 0x7B60, 19.0, 54, 0201041AFF4C0002150005000100001000800000805F9B013100127B60B1
2020-06-28, 18:28:34, BLE Beacon, N/A, 00050001-0000-1000-8000-00805F9B0131, 0x0006, 0x825F, 18.4, 57, 0201041AFF4C0002150005000100001000800000805F9B01310006825FB1
2020-06-28, 18:28:35, BLE Beacon, N/A, 00050001-0000-1000-8000-00805F9B0131, 0x0005, 0x8460, 19.0, 58, 0201041AFF4C0002150005000100001000800000805F9B013100058460B6
2020-06-28, 18:28:37, BLE Beacon, N/A, 00050001-0000-1000-8000-00805F9B0131, 0x0012, 0x7B60, 19.0, 54, 0201041AFF4C0002150005000100001000800000805F9B013100127B60B1
2020-06-28, 18:28:37, BLE Beacon, N/A, 00050001-0000-1000-8000-00805F9B0131, 0x0003, 0x805F, 18.4, 56, 0201041AFF4C0002150005000100001000800000805F9B01310003805FB1
2020-06-28, 18:28:38, BLE Beacon, N/A, 00050001-0000-1000-8000-00805F9B0131, 0x0006, 0x825F, 18.4, 57, 0201041AFF4C0002150005000100001000800000805F9B01310006825FB1
2020-06-28, 18:28:39, BLE Beacon, N/A, 00050001-0000-1000-8000-00805F9B0131, 0x0005, 0x8460, 19.0, 58, 0201041AFF4C0002150005000100001000800000805F9B013100058460B6
2020-06-28, 18:28:39, BLE Beacon, N/A, 00050001-0000-1000-8000-00805F9B0131, 0x0004, 0x835F, 18.4, 57, 0201041AFF4C0002150005000100001000800000805F9B01310004835FB1
2020-06-28, 18:28:40, BLE Beacon, N/A, 00050001-0000-1000-8000-00805F9B0131, 0x0003, 0x805F, 18.4, 56, 0201041AFF4C0002150005000100001000800000805F9B01310003805FB1
2020-06-28, 18:28:40, BLE Beacon, N/A, 00050001-0000-1000-8000-00805F9B0131, 0x0012, 0x7B60, 19.0, 54, 0201041AFF4C0002150005000100001000800000805F9B013100127B60B1
2020-06-28, 18:28:41, BLE Beacon, N/A, 00050001-0000-1000-8000-00805F9B0131, 0x0006, 0x825F, 18.4, 57, 0201041AFF4C0002150005000100001000800000805F9B01310006825FB1
2020-06-28, 18:28:41, BLE Beacon, N/A, 00050001-0000-1000-8000-00805F9B0131, 0x0002, 0x845F, 18.4, 58, 0201041AFF4C0002150005000100001000800000805F9B01310002845FB1
